"企業・事業場名称",所在地,公表日,違反法条,事案概要,その他参考事項
TMサービス,北海道帯広市,H30.9.3,労働基準法第15条,"労働契約の締結に際し、書面を交付する方法により労働条件を明示しなかったもの",H30.9.3送検
"本別運送(株)","北海道中川郡本別町",H30.9.3,"労働安全衛生法第61条労働安全衛生法施行令第20条","無資格の労働者にトラクター・ショベルを運転させたもの",H30.9.3送検
"(有)赤塚商会","北海道山越郡長万部町",H30.9.18,"労働安全衛生法第20条労働安全衛生規則第563条","高さ3.6mの足場にさん等を設けることなく、労働者に作業を行わせたもの",H30.9.18送検
"美瑛町農業協同組合","北海道上川郡美瑛町",H30.11.5,"労働安全衛生法第20条労働安全衛生規則第107条","麦乾燥施設の運転を停止せず、労働者に清掃作業を行わせたもの",H30.11.5送検
"(株)FKコーポレーション",北海道札幌市北区,H30.11.20,"労働安全衛生法第21条労働安全衛生規則第537条","建築物解体工事現場において、物体落下による危険の防止措置なく、労働者に解体作業を行わせたもの",H30.11.20送検
"(株)光建設",北海道滝川市,H30.12.3,"労働基準法第62条年少者労働基準規則第8条","満18歳に満たない者に、禁止されている足場の組立て作業を行わせたもの",H30.12.3送検
"田井自動車工業(株)",北海道札幌市東区,H30.12.18,"労働安全衛生法第21条労働安全衛生規則第519条","高さ23mの作業床上で、安全帯を使用させることなく労働者に作業を行わせたもの",H30.12.18送検
"(株)三浦興産","北海道日高郡新ひだか町",H31.1.17,"労働安全衛生法第59条労働安全衛生規則第36条","特別教育を行うことなく、労働者に走行集材機械の運転の業務を行わせたもの",H31.1.17送検
"企業・事業場名称",所在地,公表日,違反法条,事案概要,その他参考事項
"カルビーポテト(株)",北海道帯広市,H31.1.18,"労働安全衛生法第20条労働安全衛生規則第151条の4","作業指揮者に作業の指揮を行わせることなく、フォークリフトを用いて作業を行わせたもの",H31.1.18送検
"陸別町農業協同組合","北海道足寄郡陸別町",H31.1.23,"労働安全衛生法第20条労働安全衛生規則第162条","トラクター・ショベルのバケットに労働者を乗せて作業を行わせたもの",H31.1.23送検
"(有)川村工務店","北海道礼文郡礼文町",H31.3.12,"労働安全衛生法第21条労働安全衛生規則第519条","高さ5.4mの屋根上で、手すり等を設けることなく労働者に作業を行わせたもの",H31.3.12送検
"(株)ファイングレーン",北海道旭川市,H31.3.18,最低賃金法第4条,"労働者1名に、1か月間の定期賃金約24万円を支払わなかったもの",H31.3.18送検
"北海機材工業(株)","北海道札幌市中央区",H31.3.19,"労働安全衛生法第100条労働安全衛生規則第97条","4日以上の休業を要する労働災害が発生したのに、遅滞なく労働者死傷病報告を提出しなかったもの",H31.3.19送検
"佐呂間開発工業(株)","北海道佐呂間郡佐呂間町",H31.3.19,"労働安全衛生法第20条労働安全衛生規則第158条","ドラグ・ショベルに接触するおそれがある箇所に労働者を立ち入らせたもの",H31.3.19送検
"野坂工業(株)",北海道帯広市,H31.3.25,"労働安全衛生法第21条労働安全衛生規則第518条","高さ6.4mの鋼材の上で、作業床を設けることなく労働者に作業を行わせたもの",H31.3.25送検
"(株)ダイヤ",秋田県大仙市,H31.3.26,"労働安全衛生法第30条労働安全衛生規則第636条","元請と下請の労働者の作業が同一の場所で行われる際に、労働災害防止のための連絡調整を行わなかったもの",H31.3.26送検
"奈良建設",北海道函館市,H31.3.26,"労働安全衛生法第21条労働安全衛生規則第518条","高さ5.8mの梁の上で、作業床を設けることなく労働者に作業を行わせたもの",H31.3.26送検
"企業・事業場名称",所在地,公表日,違反法条,事案概要,その他参考事項
"(株)やんべ牧場","北海道野付郡別海町",R1.7.16,"労働安全衛生法第20条労働安全衛生規則第101条","スクリューコンベアに覆いを設けることなく、除糞作業を行わせたもの",R1.7.16送検
"(株)ハチロ",北海道留萌市,R1.7.19,"労働安全衛生法第22条労働安全衛生規則第578条","自然換気が不十分なところで、内燃機関を有するガソリン式発電機を使用させたもの",R1.7.19送検
"横川建設工業(株)","北海道古平郡古平町",R1.8.6,"労働安全衛生法第45条クレーン等安全規則第77条","1か月を超える期間使用しなかった移動式クレーンを、再び使用する際に法定の自主検査を実施しなかったもの",R1.8.6送検
"コニシ工営(株)",北海道札幌市西区,R1.8.13,"労働安全衛生法第31条労働安全衛生規則第653条","高さ8.8mの屋上で、手すり等を設けることなく下請労働者に作業を行わせたもの",R1.8.13送検
"真輝工業","北海道札幌市厚別区",R1.8.13,"労働安全衛生法第21条労働安全衛生規則第519条","高さ8.8mの屋上で、手すり等を設けることなく労働者に作業を行わせたもの",R1.8.13送検
"北海道ホテル&リゾート(株)",北海道富良野市,R1.8.20,"労働安全衛生法第21条労働安全衛生規則第519条","高さ7mの屋根上で、要求性能墜落制止用器具(安全帯)を使用させることなく労働者に作業を行わせたもの",R1.8.20送検
"企業・事業場名称",所在地,公表日,違反法条,事案概要,その他参考事項
"共栄産業(株)",青森県十和田市,H31.4.4,"労働安全衛生法第100条労働安全衛生規則第97条","4日以上の休業を要する労働災害が発生したのに、遅滞なく労働者死傷病報告書を提出しなかったもの",H31.4.4送検
"企業・事業場名称",所在地,公表日,違反法条,事案概要,その他参考事項
"(有)スタンス",岐阜県各務原市,H30.9.20,"労働安全衛生法第20条労働安全衛生規則第151条の7","トラックに接触するおそれのある箇所に労働者を立ち入らせたもの",H30.9.20送検
"みちのく商事",岩手県久慈市,H30.10.4,"労働安全衛生法第21条労働安全衛生規則第537条","倉庫移設作業において、木材の落下にによる危険を防止するための必要な措置を講じていなかったもの",H30.10.4送検
"(有)川崎重機",岩手県一関市,H30.10.19,"労働安全衛生法第20条労働安全衛生規則第155条","車両系建設機械を使用する作業において、あらかじめ作業計画を定めていなかったもの",H30.10.19送検
"共栄板金工業(株)","岩手県九戸郡洋野町",H31.2.4,"労働安全衛生法第21条労働安全衛生規則第524条","スレート屋根の吹き替え作業を行うにあたり、屋根上に歩み板等を設けることなく、作業を行わせたもの",H31.2.4送検
"刈屋建設(株)",岩手県宮古市,H31.2.4,"労働安全衛生法第31条労働安全衛生規則第654条","墜落の危険のある架設通路に手すり等必要な設備を設けていなかったもの",H31.2.4送検
"北城重機興業(有)",青森県八戸市,H31.2.4,"労働安全衛生法第20条労働安全衛生規則第552条","墜落の危険のある架設通路に手すり等必要な設備を設けていなかったもの",H31.2.4送検
"三陸土建(株)",岩手県盛岡市,H31.3.14,"労働安全衛生法第14条労働安全衛生法施行令第6条労働安全衛生規則第374条","土止め支保工の解体作業において、土止め支保工作業主任者が選任されていなかったもの",H31.3.14送検
"(有)陸高商事",岩手県陸前高田市,H31.3.19,最低賃金法第4条,"労働者23名に、1か月間の定期賃金合計約217万円を支払わなかったもの",H31.3.19送検
"企業・事業場名称",所在地,公表日,違反法条,事案概要,その他参考事項
"まるじんストアー","宮城県加美郡加美町",H30.9.18,最低賃金法第4条,"労働者7名に、6か月間の定期賃金合計約63万円を支払わなかったもの",H30.9.18送検
"(株)オオウチ工芸","宮城県仙台市若林区",H30.11.1,労働基準法第32条,"労働者28名に、36協定の締結なく、違法な時間外労働を行わせたもの",H30.11.1送検
"白鳥産業",宮城県栗原市,H30.11.9,"労働安全衛生法第61条労働安全衛生法施行令第20条クレーン等安全規則第68条","無資格者の労働者に移動式クレーンを運転させたもの",H30.11.9送検
"(有)i’zfittings","宮城県仙台市宮城野区",H31.1.16,"労働安全衛生法第21条労働安全衛生規則第519条","高さ3.4mの作業床に墜落防止措置を講じることなく労働者に作業を行わせたもの",H31.1.16送検
"リリー商会",宮城県気仙沼市,H31.3.8,"労働安全衛生法第21条労働安全衛生規則第479条","一定の合図を定めることなく労働者に伐木作業を行わせたもの",H31.3.8送検
"東北ドック鉄工(株)",宮城県塩釜市,H31.3.12,"労働安全衛生法第20条労働安全衛生規則第151条の14","フォークリフトを、主たる用途以外の用途に使用したもの",H31.3.12送検
"(株)カルヤード",宮城県石巻市,H31.3.14,"労働安全衛生法第20条労働安全衛生規則第564条","安全帯等の墜落防止措置を講じることなく労働者に張出し足場の組み立て作業を行わせたもの",H31.3.14送検
"(株)長谷川萬治商店",東京都江東区,R1.6.26,"労働安全衛生法第61条労働安全衛生法施行令第20条労働安全衛生規則第41条","無資格者の労働者にフォークリフトを運転させたもの",R1.6.26送検
"(株)ヤマサコウショウ",宮城県石巻市,R1.7.4,"労働安全衛生法第20条労働安全衛生規則第130条の3","食品加工用機械の運転を停止し、又は用具等を使用させることなく労働者に原材料の送給作業を行わせたもの",R1.7.4送検
"企業・事業場名称",所在地,公表日,違反法条,事案概要,その他参考事項
"企業・事業場名称",所在地,公表日,違反法条,事案概要,その他参考事項
"(株)丸羽ロジテック","茨城県ひたちなか市",H30.9.13,"労働安全衛生法第21条労働安全衛生規則第519条","高さ9.95mの搬出口付近で作業を行わせるに際し、囲いを設ける等の措置を講じなかったもの",H30.9.13送検
"(株)タカマサフーズ","山形県最上郡真室川町",H30.9.20,最低賃金法第4条,"労働者4名に、11か月間の定期賃金合計約238万円を支払わなかったもの",H30.9.20送検
"(株)現代民家",山形県酒田市,H30.11.12,"労働安全衛生法第31条労働安全衛生規則第653条","下請負人の労働者に、高さ約3mの作業床の端で作業を行わせるに際し、囲い等を設けなかったもの",H30.11.12送検
"佐藤住建",山形県鶴岡市,H30.11.12,"労働安全衛生法第21条労働安全衛生規則第519条","高さ約3mの作業床の端で柱の取り付け作業を行わせるに際し、囲い等を設けなかったもの",H30.11.12送検
"羽前絹練(株)",山形県鶴岡市,H30.12.18,"労働安全衛生法第20条労働安全衛生規則第144条","ロールプレス機のロールに付着した汚れの拭取り作業を行わせる際に、囲いガイドロール等を設けなかったもの",H30.12.18送検
"吉田工務店",山形県長井市,H31.2.13,"労働安全衛生法第21条労働安全衛生規則第519条","高さ3.5mの作業床の端で結束バンドを切る作業を行わせるに際し、安全帯を使用させる等の措置を講じなかったもの",H31.2.13送検
"(同)小野重機",山形県新庄市,H31.2.13,"労働安全衛生法第20条クレーン等安全規則第66条の2","移動式クレーンで作業を行わせる際、作業方法等をあらかじめ定めていなかったもの",H31.2.13送検
"(株)フォーティーン",山形県鶴岡市,R1.6.12,労働基準法第32条,"外国人技能実習生6名に対し違法な時間外労働を行わせたもの",R1.6.12送検
"緑衣料",山形県鶴岡市,R1.6.12,労働基準法第32条,"外国人技能実習生3名に対し違法な時間外労働を行わせたもの",R1.6.12送検
"企業・事業場名称",所在地,公表日,違反法条,事案概要,その他参考事項
"小林防護工事(株)",山形県長井市,R1.7.12,"労働安全衛生法第21条労働安全衛生規則第519条","高さ2.5mの資材倉庫(コンテナ)の床面の修繕作業を行わせる際に、囲い等を設けなかったもの",R1.7.12送検
"(株)大永建設",山形県山形市,R1.7.22,"労働安全衛生法第21条労働安全衛生規則第519条","高さ約3mの開口部付近で窓の内枠の取付作業を行わせる際に、安全帯を使用させる等の措置を講じなかったもの",R1.7.22送検
"(株)山形一進社",山形県山形市,R1.8.23,"労働安全衛生法第20条労働安全衛生規則第155条","車両系建設機械を用いて商業ビルの解体作業を行わせる際に、あらかじめ作業計画を作成していなかったもの",R1.8.23送検
"企業・事業場名称",所在地,公表日,違反法条,事案概要,その他参考事項
"(有)イーズ・サービス",福島県郡山市,H30.9.20,"労働安全衛生法第20条労働安全衛生規則第151条の13","フォークリフトの乗車席以外の箇所に労働者を乗車させたもの",H30.9.20送検
"東栄架設",福島県白河市,H30.10.11,"労働基準法第62条年少者労働基準規則第8条","満18歳に満たない者に、禁止されている足場の解体作業を行わせたもの",H30.10.11送検
"サトウ加工(有)",福島県須賀川市,H30.11.8,"労働安全衛生法第66条労働安全衛生規則第44条","労働者に対し、1年以内ごとに1回、定期に、法定の項目について医師による健康診断を受診させなかったもの",H30.11.8送検
"(株)新栄建設",福島県郡山市,H31.2.8,"労働安全衛生法第100条労働安全衛生規則第97条","休業4日以上の労働災害が発生したのに、遅滞なく労働者死傷病報告書を提出しなかったもの",H31.2.8送検
"(株)葉山商会",福島県郡山市,H31.2.19,"労働安全衛生法第20条クレーン等安全規則第74条","クレーン機能付きドラグ・ショベルの上部旋回体の旋回範囲内に労働者を立ち入らせたもの",H31.2.19送検
"(株)銀嶺食品",福島県福島市,H31.3.7,"労働安全衛生法第20条労働安全衛生規則第257条","危険物を取り扱う設備の異常を認めたにも関わらず、作業指揮者に修理等必要な措置を講じさせなかったもの",H31.3.7送検
"(株)商報舎",東京都中央区,H31.3.8,"労働安全衛生法第65条労働安全衛生法施行令第21条酸素欠乏症等防止規則第3条労働者派遣法第45条","酸素欠乏危険場所で作業を開始する前に、当該作業場における空気中の酸素濃度の測定を怠ったもの",H31.3.8送検
"(株)増島鉄工所",福島県二本松市,H31.4.15,最低賃金法第4条,"労働者5名に、7か月間の定期賃金合計約400万円を支払わなかったもの",H31.4.12送検
"企業・事業場名称",所在地,公表日,違反法条,事案概要,その他参考事項
"茨城宝栄工業(株)",茨城県古河市,H30.9.21,労働基準法第32条,"労働者1名に、36協定の延長時間を超える違法な時間外労働を行わせたもの",H30.9.21 送検
"忠伸建築",茨城県那珂市,H30.10.17,"労働安全衛生法第21条労働安全衛生規則第518条","高さ2m以上の足場板上で、防網を張る等の墜落防止措置を講じず、作業を行わせていたもの",H30.10.17 送検
"(株)嘉和",茨城県古河市,H30.11.1,労働基準法第32条,"労働者1名に、36協定を締結していないにもかかわらず、違法な時間外労働を行わせたもの",H30.11.1 送検
"(同)冨田工業",茨城県小美玉市,H30.12.10,"労働安全衛生法第21条労働安全衛生規則第361条","地山の崩壊等による危険の防止措置を講じないまま、労働者に明り掘削作業を行わせていたもの",H30.12.10 送検
"(株)トラバース 埼玉営業所",埼玉県戸田市,H30.12.10,"労働安全衛生法第20条労働安全衛生規則第101条","地盤調査機の回転軸に覆い等を設けることなく労働者に作業を行わせたもの",H30.12.10 送検
"前田建築","茨城県那珂郡東海村",H31.1.17,"労働安全衛生法第21条労働安全衛生規則第518条","高さ2m以上の足場板上で、防網を張る等の墜落防止措置を講じず、作業を行わせていたもの",H31.1.17 送検
"(株)オルト",茨城県神栖市,H31.1.18,最低賃金法第4条,"労働者14名に、1か月間の定期賃金合計約118万円を支払わなかったもの",H31.1.18 送検
"鹿島港湾運送(株)",茨城県神栖市,H31.2.1,"労働安全衛生法第20条クレーン等安全規則第74条の2","移動式クレーンによってつり上げられた荷の下に労働者を立ち入らせたもの",H31.2.1 送検
"(有)糸賀建設興業","茨城県稲敷郡河内町",H31.2.20,"労働安全衛生法第20条労働安全衛生規則第158条","運転中の車両系建設機械に接触するおそれのある箇所に労働者を立ち入らせたもの",H31.2.20 送検
"企業・事業場名称",所在地,公表日,違反法条,事案概要,その他参考事項
"(医)筑三会",茨城県つくば市,H31.3.1,"労働安全衛生法第22条電離放射線障害防止規則第5条","皮膚に受ける等価線量が法定基準の500ミリシーベルトを超えて、労働者にエックス線装置を使用させたもの",H31.3.1 送検
"(株)ミクニテック",茨城県古河市,H31.3.7,労働基準法第32条,"労働者1名に、36協定の延長時間を超える違法な時間外労働を行わせたもの",H31.3.7 送検
N'sメタル,茨城県小美玉市,H31.3.19,"労働安全衛生法第20条クレーン等安全規則第23条","クレーンの定格荷重をこえる荷重をかけて使用していたもの",H31.3.19 送検
"マルトモ加工",茨城県古河市,R1.6.20,最低賃金法第4条,"労働者1名に対し、1か月間の定期賃金約12万円を支払わなかったもの",R1.6.20 送検
"(株)オール・アグリーム",茨城県坂東市,R1.7.4,最低賃金法第4条,"労働者3名に対し、1か月~4か月間の定期賃金合計約166万円を支払わなかったもの",R1.7.4送検
"創和リサイクル(株)",東京都世田谷区,R1.7.18,"労働安全衛生法第20条労働安全衛生規則第151条の14","フォークリフトを主たる用途以外の用途に使用させたもの",R1.7.18送検
"(有)村里組",茨城県神栖市,R1.7.18,"労働安全衛生法第21条労働安全衛生規則第519条","高さ2m以上の作業床の端に、手すり等を設けることなく、労働者に作業を行わせたもの",R1.7.18送検
"企業・事業場名称",所在地,公表日,違反法条,事案概要,その他参考事項
"杉本産業(株)",栃木県小山市,H30.9.4,"労働安全衛生法第23条労働安全衛生規則第540条","1階から2階作業場へ通ずる階段について、墜落防止措置を講じることなく、通路として使用させていたもの",H30.9.4送検
"(株)加藤工業所 栃窪工場",栃木県鹿沼市,H30.9.13,"労働安全衛生法第20条労働安全衛生規則第151条の78","コンベヤーについて労働者の身体の一部が巻きこまれるおそれがあるのに、非常停止装置を備えていなかったもの",H30.9.13送検
"竹内産業(株) 足利工場",栃木県足利市,H30.12.7,"労働安全衛生法第20条労働安全衛生規則第107条","プラスチック製品製造機械の運転を停止させることなく、労働者に当該機械の掃除の作業を行わせたもの",H30.12.7送検
"(株)復興御宿富双江葉大馬鬼怒川秘極の湯風",栃木県日光市,H31.3.20,最低賃金法第4条,"労働者2名に、1か月間から2か月間の定期賃金合計約45万円を支払わなかったもの",H31.3.20送検
"増山貨物自動車(株) 本社営業所",栃木県宇都宮市,H31.3.20,"労働安全衛生法第100条労働安全衛生規則第97条","4日以上の休業を要する労働災害が発生した際、虚偽の労働者死傷病報告書を提出したもの",H31.3.20送検
"(株)ヨシコシ食品 佐野工場",栃木県佐野市,R1.5.13,最低賃金法第4条,"労働者29名に、1か月間の定期賃金合計約318万円を支払わなかったもの",R1.5.13送検
"(株)井上製作所",栃木県佐野市,R1.6.17,"労働安全衛生法第20条労働安全衛生規則第101条","フライス盤の回転軸の労働者に危険を及ぼすおそれがある部分に、覆い、囲い等を設けていなかったもの",R1.6.17送検
"(有)和楽 湯の家旅館",栃木県日光市,R1.7.8,労働基準法第40条,"労働者1名に、36協定の締結・届出を行うことなく、違法な時間外労働を行わせたもの",R1.7.8送検
"(株)双葉",栃木県鹿沼市,R1.7.11,"労働安全衛生法第20条労働安全衛生規則第155条","トラクター・ショベルの運行経路を示した作業計画を定めることなく、当該機械を用いた作業を行わせたもの",R1.7.11送検
"企業・事業場名称",所在地,公表日,違反法条,事案概要,その他参考事項
"(株)栃木ティーエムアールセンター 青木TMRセンター",栃木県那須塩原市,R1.7.16,"労働安全衛生法第20条労働安全衛生規則第151条の14","サイドクランプフォークリフトの片側のクランプで荷を吊り上げ、当該機械を主たる用途以外に使用したもの",R1.7.16送検
"企業・事業場名称",所在地,公表日,違反法条,事案概要,その他参考事項
"(同)サード",群馬県高崎市,H31.3.7,最低賃金法第4条,"労働者7名に、2カ月間の定期賃金合計約130万円を支払わなかったもの",H31.3.7送検
"(株)サンワ","群馬県吾妻郡東吾妻町",H31.3.22,労働基準法32条,"労働者5名に36協定の延長時間を超えて違法な時間外労働を行わせたもの",H31.3.22送検
"角田農園",群馬県渋川市,R1.6.20,"労働安全衛生法第61条労働安全衛生規則第41条","無資格の労働者にフォークリフトを運転させたもの",R1.6.20送検
"企業・事業場名称",所在地,公表日,違反法条,事案概要,その他参考事項
"(株)木下フレンド",埼玉県所沢市,H30.9.11,"労働安全衛生法第61条労働安全衛生法施行令第20条","無資格の労働者にフォークリフトを運転させたもの",H30.9.11送検
"(有)サッケン",埼玉県入間市,H30.9.19,"労働安全衛生法第21条労働安全衛生規則第519条","高さ約3mの開口部に囲い等を設けることなく労働者に作業を行わせたもの",H30.9.19送検
"中央ブレーキ製作所",埼玉県越谷市,H30.9.19,"労働安全衛生法第55条労働安全衛生法施行令第16条","石綿を重量の約26%含有するブレーキライニングを製造したもの",H30.9.19送検
"テックエンジニアリング(有)",埼玉県熊谷市,H30.10.17,"労働安全衛生法第21条労働安全衛生規則第519条","高さ約2.6mの作業床の端及び開口部に、手すり、覆い等を設けることなく労働者に作業を行わせたもの",H30.10.17送検
"企業・事業場名称",所在地,公表日,違反法条,事案概要,その他参考事項
"(有)鈴木安太郎商店",千葉県旭市,H31.1.10,"労働安全衛生法第20条労働安全衛生規則第107条","魚類加工用機械の掃除を行わせるに当たり、当該機械の運転を停止させなかったもの",H31.1.10送検
"(株)フルカウント","千葉県千葉市花見川区",H31.1.10,"労働安全衛生法第100条労働安全衛生規則第97条","4日以上の休業を要する労働災害が発生したのに、遅滞なく労働者死傷病報告書を提出していなかったもの",H31.1.10送検
"北島塗装店",千葉県四街道市,H31.2.12,"労働安全衛生法第21条労働安全衛生規則第519条","高さ6.59mの屋根の端に手すり等を設けることなく労働者に作業を行わせたもの",H31.2.12送検
"キムラ工業(株)",千葉県市川市,H31.2.19,"労働安全衛生法第20条労働安全衛生規則第151条の78","コンベヤーに労働者の身体の一部が巻き込まれるおそれがあるのに非常停止装置を備えていなかったもの",H31.2.19送検
"(株)ピュアディッシュ","千葉県千葉市美浜区",H31.3.27,"労働安全衛生法第20条労働安全衛生規則第107条","食品加工用機械の殺菌洗浄後の水滴拭き取り作業を行わせるに当たり、当該機械の運転を停止させなかったもの",H31.3.27送検
"(株)K.I.ステップ","千葉県千葉市稲毛区",R1.6.13,"労働安全衛生法第14条労働安全衛生規則第565条","高さ5m以上の足場の解体作業を行わせるに当たり、足場の組立て等作業主任者を選任していなかったもの",R1.6.13送検
"髙松建設(株)","大阪府大阪市淀川区",R1.6.13,"労働安全衛生法第31条労働安全衛生規則653条労働者派遣法第45条","深さ約9mの箇所に安全な昇降の設備を設けることなく請負人の労働者に作業をさせたこと",R1.6.13送検
"柏崎建設(株)",東京都文京区,R1.6.13,"労働安全衛生法第21条労働安全衛生規則第526条労働者派遣法第45条","深さ約9mの箇所に安全な昇降の設備を設けることなく労働者に作業を行わせたこと",R1.6.13送検
"企業・事業場名称",所在地,公表日,違反法条,事案概要,その他参考事項
"(有)丸七立川工務店","千葉県千葉市花見川区",R1.7.17,"労働安全衛生法第21条労働安全衛生規則519条","高さ3.74mの床面の開口部に、覆い等を設けることなく労働者に作業を行わせていたもの",R1.7.17送検
"企業・事業場名称",所在地,公表日,違反法条,事案概要,その他参考事項
"(株)リバイブ",東京都江戸川区,H30.9.13,"労働安全衛生法第20条労働安全衛生規則第164条","車両系建設機械(ブレーカ)を用いて作業を行わせるに当たり、主たる用途以外の用途に使用させていたもの",H30.9.13送検
"(有)奥原工芸",東京都江戸川区,H30.11.9,"労働安全衛生法第20条労働安全衛生規則第123条","木材加工用丸のこ盤を使用させるに当たり、歯の接触予防装置を設けないで使用させていたもの",H30.11.9送検
"ジャパンプロテクション(株)",東京都千代田区,H30.11.9,労働基準法第32条,"労働者4名に、36協定の延長時間を超える違法な時間外労働を行わせたもの","H30.11.9送検H31.3.29有罪確定"
"(株)大和建設",東京都葛飾区,H30.11.15,"労働安全衛生法第21条労働安全衛生規則第519条","高さ約3mの2階開口部で、手すり等を設けることなく労働者に作業を行わせたもの",H30.11.15送検
"(株)大実製作所",東京都品川区,H30.11.29,"労働安全衛生法第20条労働安全衛生規則第101条","NC旋盤機を用いて作業を行わせるに当たり、回転部分に、覆い、囲い等を設けないで使用させていたもの",H30.11.29送検
"高田電設(株)",東京都新宿区,H30.12.12,"労働安全衛生法第20条労働安全衛生規則第369条","土止め支保工の構造について、地山に係る形状、地質等の状態に応じた堅固なものとしていなかったもの",H30.12.12送検
"企業・事業場名称",所在地,公表日,違反法条,事案概要,その他参考事項
"(有)新宿丸正野邊",東京都中野区,H31.1.9,労働基準法第32条,"労働者1名に、36協定の延長時間を超える違法な時間外労働を行わせたもの",H31.1.9送検
"タストン・リサイクル(株)",東京都世田谷区,H31.1.16,"労働安全衛生法第20条労働安全衛生規則第107条","機械の運転を停止することなく労働者にコンクリート破砕機の歯の調整作業を行わせたもの",H31.1.16送検
"(株)栄伸建設",東京都武蔵野市,H31.1.18,"労働安全衛生法第31条労働安全衛生規則第653条","高さ約3mの作業床に手すり等を設けることなく請負人の労働者に使用させたもの",H31.1.18送検
"泉流通(株)",東京都練馬区,H31.1.30,労働基準法第32条,"労働者2名に、36協定の延長時間を超える違法な時間外労働を行わせたもの",H31.1.30送検
"(株)大東運輸",東京都江東区,H31.2.13,"労働安全衛生法第20条労働安全衛生規則第101条","ベルトコンベヤーのベルト及びプーリーに、覆いや囲いなどを設置することなく労働者に作業を行わせたもの",H31.2.13送検
"リペア(株)",東京都品川区,H31.2.20,"労働安全衛生法第21条労働安全衛生規則第518条労働者派遣法第45条","高さ約6.5mの屋根上で、防網を張り又は安全帯を使用させることなく労働者に作業を行わせたもの",H31.2.20送検
"村松機工運輸(株)",東京都江東区,H31.3.14,"労働安全衛生法第21条労働安全衛生規則第151条の70","貨物自動車からの荷卸し作業を行わせるに当たり、当該作業を指揮する者を定めていなかったもの",H31.3.14送検
"企業・事業場名称",所在地,公表日,違反法条,事案概要,その他参考事項
"(有)勝己建設",神奈川県逗子市,H30.9.3,"労働安全衛生法第21条労働安全衛生規則第362条","擁壁に近接した箇所で,明かり掘削作業を行う際に、擁壁の損壊防止等の措置を講じなかったもの",H30.9.3送検
"(株)クレハ環境",福島県いわき市,H30.9.4,"労働安全衛生法第23条労働安全衛生規則第540条","高さ15mの箇所にある通路の床板をはずしたまま放置していたもの",H30.9.4送検
"はれのひ(株)","福岡県福岡市博多区",H30.9.12,最低賃金法第4条,"労働者27名に、1か月分の定期賃金合計約510万円を支払わなかったもの","H30.9.12送検H30.10.5不起訴"
"(株)アシスト",東京都町田市,H30.11.9,"労働安全衛生法第20条労働安全衛生規則第107条","停止した機械の掃除を行うときに、起動装置に錠にかける等の措置を講じなかったもの",H30.11.9送検
"京浜ドック(株)","神奈川県横浜市神奈川区",H30.12.5,"労働安全衛生法第61条労働安全衛生法施行令第20条クレーン等安全規則第22条","無資格の労働者につり上げ荷重が5t以上のクレーンを運転させたもの",H30.12.5送検
"(株)日比谷アメニス",東京都港区,H31.1.22,"労働安全衛生法第21条労働安全衛生規則第519条","高さ2m以上の箇所で墜落防止措置を講じないで労働者に除草作業を行わせたもの",H31.1.22送検
"(株)東産業",神奈川県横須賀市,H31.2.19,"労働安全衛生法第20条労働安全衛生規則第151条の11","塵芥車の逸走防止措置を講じずに運転手を運転位置から離れさせたもの",H31.2.19送検
"企業・事業場名称",所在地,公表日,違反法条,事案概要,その他参考事項
"郡創工業(株)",福島県郡山市,H30.9.18,"労働安全衛生法第21条労働安全衛生規則第521条","足場の設置において、労働者に安全帯を使用させる際、その取付設備の異常の有無を、随時点検しなかったもの",H30.9.18送検
"(株)マルソー・トランスポート",新潟県三条市,H30.9.20,"労働安全衛生法第100条労働安全衛生規則第97条","4日以上の休業を要する労働災害について、遅滞なく労働者死傷病報告書を提出しなかったもの",H30.9.20送検
"(株)上越観光開発",新潟県南魚沼市,H30.11.1,"労働安全衛生法第100条労働安全衛生規則第97条","4日以上の休業を要する労働災害について、遅滞なく労働者死傷病報告書を提出しなかったもの",H30.11.1送検
"(株)米持建設",新潟県上越市牧区,H30.11.12,"労働安全衛生法第20条労働安全衛生規則第158条","運転中の車両系建設機械(ドラグ・ショベル)に接触するおそれのある箇所に労働者を立ち入らせたもの",H30.11.12送検
"(株)殿島",新潟県燕市,H30.11.20,"労働安全衛生法第20条労働安全衛生規則第131条","プレス機械に、有効な安全装置を設置することなく労働者に作業を行わせたもの",H30.11.20送検
"(有)新装",新潟県十日町市,H30.12.7,"労働安全衛生法第21条労働安全衛生規則第519条","軒高約7mの集合住宅の屋根の端に手すり等を設けることなく労働者に屋根の塗装作業を行わせたもの",H30.12.7送検
"(株)新潟マテリアル",新潟県長岡市,H31.1.17,"労働安全衛生法第20条労働安全衛生規則第255条","耐熱用保護具の着用等の措置を講じることなく労働者を電気炉で加熱された高熱の鉄材の付近に立ち入らせたもの",H31.1.17送検
"(株)ジャパン・コンサルティング",新潟県上越市,H31.4.8,最低賃金法第4条,"労働者2名に、4か月間の定期賃金合計約114万円を支払わなかったもの",H31.4.8送検
"(株)クリア",新潟県上越市,H31.4.8,最低賃金法第4条,"労働者12名に、1~5か月間の定期賃金合計約683万円を支払わなかったもの",H31.4.8送検
"企業・事業場名称",所在地,公表日,違反法条,事案概要,その他参考事項
"(同)スターライト警備","新潟県新潟市中央区",H31.4.11,労働基準法第24条,"労働者5名に、4~14か月間の定期賃金合計約799万円を支払わなかったもの",H31.4.11送検
"(有)新星通信","新潟県新潟市中央区",H31.4.11,労働基準法第24条,"労働者8名に、1~11か月間の定期賃金合計約1022万円を支払わなかったもの",H31.4.11送検
"大和不動産(株)","新潟県新潟市中央区",H31.4.18,労働基準法第24条,"労働者10名に、1~5か月間の定期賃金合計約1044万円を支払わなかったもの",H31.4.18送検
"(株)インターアクト","新潟県新潟市中央区",R1.7.9,労働基準法第24条,"労働者9名に、1~11か月間の定期賃金合計約276万円を支払わなかったもの",R1.7.9送検
"インネット(株)",新潟県新潟市東区,R1.7.9,労働基準法第24条,"労働者10名に、1~4か月間の定期賃金合計約770万円を支払わなかったもの",R1.7.9送検
"長岡中央水産(株)",新潟県長岡市,R1.8.6,"労働安全衛生法第100条労働安全衛生規則第97条","4日以上の休業を要する労働災害について、遅滞なく労働者死傷病報告書を提出しなかったもの",R1.8.6送検
"企業・事業場名称",所在地,公表日,違反法条,事案概要,その他参考事項
"(株)関文吉商店",富山県高岡市,H30.9.6,"労働安全衛生法第20条労働安全衛生規則第527条","すべり止め装置の取付等の転位防止措置を講じることなく、労働者に移動はしごを使用させたもの",H30.9.6送検
"(株)宮崎青果",富山県高岡市,H30.11.28,"労働安全衛生法第100条労働安全衛生規則第97条","4日以上の休業を要する労働災害が発生したのに、遅滞なく労働者死傷病報告を提出しなかったもの",H30.11.28送検
"(株)石田組",富山県南砺市,H31.1.10,"労働安全衛生法第21条労働安全衛生規則第519条","高さ3.2mの作業床の端で、労働者に安全帯等を使用させず作業を行わせたもの",H31.1.10送検
"(株)豊盛",富山県高岡市,H31.3.28,"労働安全衛生法第20条労働安全衛生規則第158条","ドラグ・ショベルに接触するおそれがある箇所に労働者を立ち入らせたもの",H31.3.28送検
"アキタ(株) 富山営業所",富山県南砺市,R1.6.17,"労働安全衛生法第100条労働安全衛生規則第97条","4日以上の休業を要する労働災害が発生したのに、遅滞なく労働者死傷病報告を提出しなかったもの",R1.6.17送検
"みづほ工業(株)",富山県小矢部市,R1.6.17,"労働安全衛生法第31条労働安全衛生規則第653条","高さ4.5mの屋根の開口部に手すり等を設けることなく請負人の労働者に作業を行わせたもの",R1.6.17送検
"丸新志鷹建設(株)","富山県中新川郡立山町",R1.7.29,"労働安全衛生法第23条労働安全衛生規則第540条労働者派遣法第45条","巡視路上に、労働者が使用するための安全な通路を設けていなかったもの",R1.7.29送検
"(有)システムササキ",富山県黒部市,R1.7.29,"労働安全衛生法第20条労働安全衛生規則第104条","搬送機の運転を開始する場合において、一定の合図を定めず、合図する者を指名していなかったもの",R1.7.29送検
"企業・事業場名称",所在地,公表日,違反法条,事案概要,その他参考事項
"ホテル金沢(株)",石川県金沢市,H30.9.18,労働基準法第32条,"労働者12名に、36協定の延長時間を超える違法な時間外労働を行わせたもの",H30.9.18送検
"(株)加賀観光ホテル",石川県加賀市,H30.11.20,労働基準法第32条,"労働者6名に、36協定を適法に締結・届出することなく、違法な時間外労働を行わせたもの",H30.11.20送検
"中川製紙(株)",石川県白山市,H30.12.6,"労働安全衛生法第14条労働安全衛生法施行令第6条酸素欠乏症等防止規則第11条","槽の内部での作業において、酸素欠乏危険作業主任者に、労働者を指揮する等の職務を行わせていなかったもの","H30.12.6送検H31.3.22起訴"
"(株)廣瀬与志雄建築設計事務所",石川県金沢市,H31.3.13,最低賃金法第4条,"労働者6名に、1か月分の定期賃金合計約111万円を支払わなかったもの",H31.3.13送検
"(株)渡辺電気工業",京都府京都市,H31.3.13,"労働安全衛生法第21条労働安全衛生規則第518条","高さ約2.3mの脚立の上で天井の照明取替作業を行うに当たり、墜落防止措置を講じていなかったもの",H31.3.13送検
"北陸第一ドライ企業組合",石川県加賀市,H31.4.19,最低賃金法第4条,"労働者1名に、1か月分の定期賃金約12万円を支払わなかったもの",H31.4.19送検
"企業・事業場名称",所在地,公表日,違反法条,事案概要,その他参考事項
"(株)森友貿易",山梨県甲府市,H31.2.21,"労働安全衛生法第61条労働安全衛生法施行令第20条","無資格の労働者に、最大荷重2.42トンのフォークリフトを運転させたもの",H31.2.21送検
"一古園",山梨県甲州市,H31.3.14,"労働安全衛生法第21条労働安全衛生法施行規則第519条","2m以上の高さの昇降機上で労働者に作業を行わせるにあたり、墜落防止措置を講じなかったもの",H31.3.14送検
"企業・事業場名称",所在地,公表日,違反法条,事案概要,その他参考事項
"(株)デイリーはやしや",長野県松本市,H30.9.21,労働基準法第32条,"労働者22名に対し、36協定の延長時間を超える違法な時間外労働を行わせたもの",H30.9.21送検
"(有)キノテック",長野県上田市,H30.10.22,"労働安全衛生法第61条労働安全衛生法施行令第20条","無資格の労働者に最大荷重が1トン以上のフォークリフトを運転させたもの",H30.10.22送検
"(株)高英運輸",長野県長野市,H30.12.4,"労働安全衛生法第20条労働安全衛生規則第151条の14","フォークリフトを、主たる用途以外の用途(労働者の昇降等)に使用したもの",H30.12.4送検
"(株)恵那興業","長野県下伊那郡阿智村",H31.2.4,"労働安全衛生法第20条労働安全衛生規則第151条の14","フォークリフトを、主たる用途以外の用途(荷のつり上げ)に使用したもの",H31.2.4送検
"(株)マツハシ冷熱",長野県長野市,H31.3.4,"労働安全衛生法第21条労働安全衛生規則第519条","高さ約10.9mの手すり等がない作業場所で安全帯を使用させる等の墜落防止措置を講じずに作業を行わせたもの",H31.3.4送検
"(株)ウッドテック秋富",長野県上田市,H31.3.12,"労働安全衛生法第100条労働安全衛生規則第97条","休業4日以上の労働災害が発生したのに、遅滞なく労働者死傷病報告を提出しなかったもの",H31.3.12送検
"城中工業(株)","神奈川県川崎市川崎区",H31.3.27,"労働安全衛生法第21条労働安全衛生規則第519条","高さ約12.4メートルの足場板上において、開口部に囲い等を設けることなく、労働者に作業を行わせたもの",H31.3.27送検
"(有)ライトウェイト",長野県塩尻市,R1.8.2,労働基準法第32条,"労働者1名に、36協定の締結・届け出を行うことなく、違法な時間外労働を行わせたもの",R1.8.2送検
"企業・事業場名称",所在地,公表日,違反法条,事案概要,その他参考事項
"(株)カワモト 飯山工場",長野県飯山市,R1.8.22,労働基準法第32条,"労働者7名に、36協定の延長時間を超える違法な時間外・休日労働を行わせたもの",R1.8.22送検
"企業・事業場名称",所在地,公表日,違反法条,事案概要,その他参考事項
"タカイ縫製(株)",岐阜県岐阜市,H30.9.20,"最低賃金法第4条労働基準法第32条労働基準法第37条","技能実習生4名に対し、36協定の延長時間を超える違法な時間外労働を行わせ、また、定期賃金及び割増賃金の合計約91万円を支払わなかったもの",H30.9.20送検
"(有)水野製材所",岐阜県恵那市,H30.10.19,"労働安全衛生法第14条労働安全衛生法施行令第6条労働安全衛生規則第129条","木材加工用機械作業主任者を選任していなかったもの",H30.10.19送検
"シノダソーイング(有)",岐阜県関市,H30.11.9,"労働基準法第32条労働基準法第35条労働基準法第37条","技能実習生6名に対し、有効な36協定の締結・届出なく違法な時間外労働・休日労働を行わせ、また、割増賃金を支払わなかったもの",H30.11.9送検
"(株)ブリリアントF",岐阜県大垣市,H31.2.5,最低賃金法第4条,"技能実習生4名に対し、3か月間の定期賃金合計約185万円を支払わなかったもの",H31.2.5送検
"(株)福島製作所",岐阜県大垣市,H31.2.5,"労働安全衛生法第61条労働安全衛生法施行令第20条","無資格の労働者を、つり上げ荷重が2.83トンのクレーンの玉掛けの業務に就かせたもの",H31.2.5送検
"(株)三樹林業",岐阜県郡上市,H31.3.15,"労働安全衛生法第20条労働安全衛生規則第151条の125","作業計画を定めずに労働者に林業架線作業を行わせたもの",H31.3.15送検
"準栄工業(株)",岐阜県関市,H31.3.15,"労働安全衛生法第14条労働安全衛生規則第517条の4","鉄骨造の建物の解体作業において建築物等の鉄骨の組立て等作業主任者を選任していなかったもの",H31.3.15送検
"企業・事業場名称",所在地,公表日,違反法条,事案概要,その他参考事項
"(株)中川組",岐阜県各務原市,H31.3.18,"労働安全衛生法第100条労働安全衛生規則第97条","休業4日以上の労働災害が発生したのに、労働者死傷病報告書を提出していなかったもの",H31.3.18送検
"村瓦店",岐阜県恵那市,H31.4.18,"労働安全衛生法第21条労働安全衛生規則第519条","高さ3mの屋根の上で屋根瓦の交換作業を行わせる際に、墜落防止措置を講じていなかったもの",H31.4.18送検
"企業・事業場名称",所在地,公表日,違反法条,事案概要,その他参考事項
"ユーシーシー上島珈琲(株)富士工場",静岡県富士市,H30.9.18,"労働安全衛生法第14条労働安全衛生法施行令第6条酸素欠乏症等防止規則第11条","酸素濃度が18%未満の酸素欠乏危険場所にもかかわらず、酸素欠乏危険作業主任者を選任しなかったもの",H30.9.18送検
"(株)高島",静岡県伊豆市,H30.9.19,"労働安全衛生法第100条労働安全衛生規則第97条","77日休業した労働災害について、虚偽の事実を記載した労働者死傷病報告を提出したもの",H30.9.19送検
"(株)おびや",静岡県浜松市東区,H30.10.9,"労働安全衛生法第21条労働安全衛生規則第526条","高さ2m以上の箇所で作業を行わせるにあたり、安全に昇降できる設備を設けていなかったもの",H30.10.9送検
"松菱製紙(株)",静岡県富士市,H30.10.16,"労働安全衛生法第21条労働安全衛生規則第433条","はいの積み替え作業を行わせるにあたり、関係労働者以外の労働者を立ち入らせたもの",H30.10.16送検
"(有)野田養鶏",静岡県浜松市西区,H31.3.22,"労働安全衛生法第20条労働安全衛生規則第101条","集卵エレベーターの清掃作業を行わせるにあたり、エレベーターシャフトに覆い等を設けていなかったもの",H31.3.22送検
"(株)リワーズ",静岡県浜松市中区,H31.4.19,最低賃金法第4条,"労働者1名に、2か月間の定期賃金合計約12万円を支払わなかったもの",H31.4.19送検
"加藤興業(株)","静岡県静岡市清水区",R1.5.17,"労働安全衛生法第20条クレーン等安全規則第66条の2","移動式クレーンを用いて作業を行わせるにあたり、あらかじめ労働者の配置及び指揮の系統を定めていなかったもの",R1.5.17送検
"愛鷹山森林組合",静岡県沼津市,R1.6.12,"労働安全衛生法第20条労働安全衛生規則第151条の103","車両系木材伐出機械を主たる用途以外の用途に使用したもの",R1.6.12送検
"企業・事業場名称",所在地,公表日,違反法条,事案概要,その他参考事項
"(有)電研テックプロダクツ","静岡県榛原郡川根本町",R1.6.19,最低賃金法第4条,"労働者1名に、1か月間の定期賃金を支払わなかったもの",R1.6.19送検
"青木信(株)",神奈川県平塚市,R1.7.19,"労働安全衛生法第20条労働安全衛生規則第104条","運転開始の合図を行わせることなく、飼料撹拌機の運転を開始させたもの",R1.7.19送検
"企業・事業場名称",所在地,公表日,違反法条,事案概要,その他参考事項
"(有)藤田鉄工所","愛知県名古屋市中川区",H30.9.3,"労働安全衛生法第20条クレーン等安全規則第26条","高さ約6mでの作業において、クレーンにより労働者を運搬し、又はつり上げて作業を行わせたもの",H30.9.3送検
"(株)BAく",愛知県岩倉市,H30.10.10,労働基準法第24条,"労働者2名に対し、7か月間の定期賃金の一部、合計約40万円を支払わなかったもの",H30.10.10送検
"(有)田上産業",愛知県小牧市,H30.10.18,労働基準法第32条,"労働者1名に対し、36協定の延長時間を超える違法な時間外労働を行わせたもの",H30.10.18送検
"愛新物産(株)","愛知県名古屋市中区",H30.11.1,最低賃金法第4条,"労働者1名に対し、5か月間の定期賃金合計約60万円を支払わなかったもの",H30.11.1送検
"(株)ワイマックー","愛知県名古屋市港区",H30.11.5,"労働安全衛生法第21条労働安全衛生規則第519条","高さ約3mの作業床において安全帯を使用させる等の墜落防止措置を講じることなく労働者に作業を行わせたもの",H30.11.5送検
"(有)ケアTAKEHARA","愛知県名古屋市東区",H30.11.8,最低賃金法第4条,"労働者1名に対し、4か月間の定期賃金合計約50万円を支払わなかったもの",H30.11.8送検
"サンケン起工(株)","愛知県愛知郡東郷町",H30.11.15,"労働安全衛生法第20条安全衛生規則第151条の82","コンベヤーを用いて作業を行うにあたり、当日の作業開始前に非常停止装置の機能の点検を行っていなかったもの",H30.11.15送検
"(株)北沢製作所","愛知県名古屋市中川区",H30.11.15,労働基準法第32条,"労働者5名に対し、36協定の延長時間を超える違法な時間外労働を行わせたもの",H30.11.15送検
"企業・事業場名称",所在地,公表日,違反法条,事案概要,その他参考事項
"(株)ミユキ","愛知県名古屋市西区",H31.1.25,最低賃金法第4条,"労働者4名に対し、3か月間の定期賃金合計約210万円を支払わなかったもの",H31.1.25送検
"(株)Teamエイワン","愛知県名古屋市港区",H31.1.25,"労働安全衛生法第22条労働安全衛生規則第578条","自然換気が不十分な現場において、内燃機関の排気ガスによる健康障害を防止するための措置を講じなかったもの",H31.1.25送検
"(株)サンエー","愛知県名古屋市天白区",H31.1.25,最低賃金法第4条,"労働者1名に対し、5か月間の定期賃金合計約120万円を支払わなかったもの",H31.1.25送検
"(株)玉名建設",愛知県春日井市,H31.2.8,"労働安全衛生法第20条労働安全衛生規則第157条労働者派遣法第45条","ドラグ・ショベルを用いた作業において、転倒・転落による危険を防止するために必要な措置を講じなかったもの",H31.2.8送検
"(有)近藤製作所 第2工場","愛知県愛知郡東郷町",H31.2.21,"労働安全衛生法第20条労働安全衛生規則第131条","プレス機械の安全装置を無効化した状態で、労働者に作業を行わせたもの",H31.2.21送検
"沢田建設(株)","愛知県名古屋市千種区",H31.2.25,"労働安全衛生法第31条労働安全衛生規則第653条","高さ14mの作業床の開口部に手すり等を設けることなく請負人の労働者に使用させたもの",H31.2.25送検
"(有)前里商会","愛知県名古屋市南区",H31.2.25,"労働安全衛生法第21条労働安全衛生規則第519条","高さ14mの作業床の開口部に手すり等を設けることなく労働者に作業を行わせたもの",H31.2.25送検
"(株)朋友メディカル","愛知県名古屋市瑞穂区",H31.2.25,"労働安全衛生法第22条特定化学物質障害予防規則第42条","漏洩した酸化エチレンガスを労働者が吸い込んだのに、遅滞なく医師による診察を受けさせなかったもの",H31.2.25送検
"(株)向陽ウェルフェア・ワークス","愛知県名古屋市千種区",H31.2.25,最低賃金法第4条,"障害者を含む労働者10名に対し、4か月間の定期賃金合計約150万円を支払わなかったもの",H31.2.25送検
"企業・事業場名称",所在地,公表日,違反法条,事案概要,その他参考事項
"(株)駒来商事",愛知県小牧市,H31.3.12,労働基準法第32条,"労働者1名に対し、36協定の延長時間を超える違法な時間外労働を行わせたもの",H31.3.12送検
"(株)銀の樹",愛知県豊橋市,H31.3.14,最低賃金法第4条,"労働者10名に対し、6か月間の定期賃金合計約440万円を支払わなかったもの",H31.3.14送検
"(株)浜田商店",愛知県弥富市,H31.3.18,"労働安全衛生法第61条労働安全衛生法施行令第20条労働安全衛生規則第41条","無資格の労働者にフォークリフトを運転させたもの",H31.3.18送検
"(株)Almightyコーポレーション","愛知県名古屋市南区",H31.3.25,最低賃金法第4条,"労働者3名に対し、1か月間の定期賃金合計約60万円を支払わなかったもの",H31.3.25送検
"(株)協和コーポレーション",愛知県春日井市,R1.5.16,"労働安全衛生法第31条労働安全衛生規則第653条","高さ2.85メートルの開口部に手すり等を設けることなく請負人の労働者に使用させたもの",R1.5.16送検
"愛豊技研工業(株)",愛知県知多市,R1.6.3,"労働安全衛生法第21条労働安全衛生規則第432条労働者派遣法第45条","はい積みされた長さ約3メートル、重さ約400キログラムの鋼材の落下防止措置を講じていなかったもの",R1.6.3送検
"AI・ロジスティックス(株)",愛知県春日井市,R1.6.5,最低賃金法第4条,"労働者3名に対し、2か月間の定期賃金合計約154万円を支払わなかったもの",R1.6.5送検
"(有)ミユキ送電",愛知県岩倉市,R1.6.10,"労働安全衛生法第100条労働安全衛生規則第97条","休業4日以上を要する労働災害が発生したのに、遅滞なく労働者死傷病報告を提出しなかったもの",R1.6.10送検
"さくら洋品店モードサチ",愛知県津島市,R1.7.5,最低賃金法第4条,"労働者1名に対し、3か月間の定期賃金合計約40万円を支払わなかったもの",R1.7.5送検
"企業・事業場名称",所在地,公表日,違反法条,事案概要,その他参考事項
"(株)アイ・アール・ジェイ",愛知県愛西市,R1.7.25,最低賃金法第4条,"外国人技能実習生5名に対し、愛知県最低賃金額以上の賃金を支払わなかったもの",R1.7.25送検
"(株)イトーリョウ",愛知県愛西市,R1.7.25,最低賃金法第4条,"外国人技能実習生5名に対し、愛知県最低賃金額以上の賃金を支払わなかったもの",R1.7.25送検
"(有)中村毛織物補修所",愛知県愛西市,R1.7.25,最低賃金法第4条,"外国人技能実習生6名に対し、愛知県最低賃金額以上の賃金を支払わなかったもの",R1.7.25送検
"企業・事業場名称",所在地,公表日,違反法条,事案概要,その他参考事項
"(有)ワコー建設",三重県志摩市,H30.10.4,"労働安全衛生法第20条労働安全衛生規則第158条","掘削作業を行わせるに際し、誘導者を配置せず運転中の車両系建設機械の作業半径内に労働者を立ち入らせたもの",H30.10.4送検
"伊勢志摩リゾートマネジメント(株)",三重県志摩市,H30.10.11,労働基準法第32条,"労働者4名に、有効な36協定の締結・届出なく違法な時間外労働を行わせたもの",H30.10.11送検
"(株)宴",三重県名張市,H31.1.8,最低賃金法第4条,"労働者8名に、5か月間の定期賃金合計約248万円を支払わなかったもの",H31.1.8送検
"(株)ウエルネット",三重県津市,H31.3.11,最低賃金法第4条,"労働者3名に、4か月間の定期賃金合計約210万円を支払わなかったもの",H31.3.11送検
"料亭平次",三重県津市,H31.3.19,最低賃金法第4条,"労働者1名に、3か月間の定期賃金合計約123万円を支払わなかったもの",H31.3.19送検
E2リバイブ(株),"三重県多気郡大台町",H31.3.22,"労働安全衛生法第20条労働安全衛生規則第151条の3","市場内で貨物自動車での木材の卸し準備作業を行わせる際に作業計画を定めなかったもの",H31.3.22送検
"伊賀産業(株)",三重県伊賀市,R1.5.20,"労働安全衛生法第20条労働安全衛生規則第151条の78","労働者の身体の一部が巻き込まれるおそれがあったのに、コンベヤーに非常停止装置を備えていなかったもの",R1.5.20送検
"焼肉東屋",三重県鈴鹿市,R1.5.30,最低賃金法第4条,"労働者6名に、1か月間の定期賃金合計約52万円を支払わなかったもの",R1.5.30送検
"中西総合運輸(株)",三重県伊賀市,R1.6.19,労働基準法第32条,"労働者1名に、36協定の延長時間を超える違法な時間外労働を行わせたもの",R1.6.19送検
"企業・事業場名称",所在地,公表日,違反法条,事案概要,その他参考事項
"ウエストウインド(株)",三重県伊賀市,R1.6.19,労働基準法第32条,"労働者1名に、法定労働時間を超えて違法な時間外労働を行わせたもの",R1.6.19送検
"企業・事業場名称",所在地,公表日,違反法条,事案概要,その他参考事項
"速水林業",滋賀県長浜市,H30.9.20,"労働安全衛生法第21条労働安全衛生規則第479条","立木の伐木作業を行うに当たり、伐倒について一定の合図を定め、関係労働者に周知していなかったもの",H30.9.20送検
"(株)f-プランニング","滋賀県愛知郡愛荘町",H31.1.18,"労働安全衛生法第20条労働安全衛生規則第151条の3","フォークリフトを用いた作業を行わせるにあたり、作業計画を定めていなかったもの",H31.1.18送検
"企業・事業場名称",所在地,公表日,違反法条,事案概要,その他参考事項
"企業・事業場名称",所在地,公表日,違反法条,事案概要,その他参考事項
"(株)ナッシェレカイタニ",大阪府寝屋川市,H30.10.9,労働基準法第37条,"技能実習生2名に1か月間の時間外手当合計約9万円を支払わなかったもの",H30.10.9送検
"(株)北川建設",大阪府八尾市,H30.12.21,"労働安全衛生法第21条労働安全衛生規則第519条労働者派遣法第45条","高さ約20mの開口部で、安全帯を使用させることなく労働者に作業を行わせたもの",H30.12.21送検
"(株)みんなのスーパー",大阪府四條畷市,H30.12.25,最低賃金法第4条,"労働者5名に、大阪府最低賃金額(1時間936円)以上の賃金を支払わなかったもの",H30.12.25送検
"(株)道上総合建設",大阪府枚方市,H30.12.25,"労働安全衛生法第21条労働安全衛生規則第519条","高さ約3mの高所で、安全帯を使用させることなく労働者に作業を行わせたもの",H30.12.25送検
"太陽メッキ(株)",兵庫県尼崎市,H30.12.26,"労働安全衛生法第21条労働安全衛生規則第533条","高温の水槽に接する床面を通行させるに当たり、同槽への転落を防止するためのさく等を設けなかったもの",H30.12.26送検
"三共ポリエチレン(株)",広島県廿日市市,H30.12.27,"労働安全衛生法第20条労働安全衛生規則第151条の3","車両系荷役運搬機械(フォークリフト)を用いる作業を行わせる際に、あらかじめ作業計画を定めなかったもの",H30.12.27送検
"(株)フジタ",大阪府高石市,H30.12.27,"労働安全衛生法第20条労働安全衛生規則第158条労働者派遣法第45条","労働者を運転中のドラグ・ショベルの作業半径内に立ち入らせたもの",H30.12.27送検
"(有)ナガタ製作所","大阪府南河内郡河南町",H31.2.26,"労働安全衛生法第20条労働安全衛生規則第134条の2","プレス機械の切替キースイッチのキーを保管者に保管させなかったもの",H31.2.26送検
"企業・事業場名称",所在地,公表日,違反法条,事案概要,その他参考事項
"(株)ロイヤルコミュニケーション倶楽部",大阪府枚方市,H31.3.26,最低賃金法第4条,"労働者4名に対し、大阪府最低賃金額以上の賃金を支払わなかったもの",H31.3.26送検
"新熱電塗装工業(株)",大阪府守口市,H31.3.26,労働基準法第32条,"労働者7名に、36協定の延長時間を超える違法な時間外労働を行わせたもの",H31.3.26送検
"(株)渡辺ハゲ天",東京都中央区,H31.4.11,労働基準法第32条,"労働者2名に、有効な36協定の締結・届出なく違法な時間外労働を行わせたもの",H31.4.11送検
"(株)福村",大阪府岸和田市,H31.4.18,"労働安全衛生法第21条労働安全衛生規則第524条","高さ約4.5mのスレート屋根の上で作業を行わせる際に、踏み抜きによる危険を防止する措置を講じなかったもの",H31.4.18送検
"アサヒセイレン(株)",大阪府東大阪市,R1.5.30,"労働安全衛生法第20条労働安全衛生規則第107条","ベルトコンベヤーの運転を停止させることなく、労働者に清掃作業を行わせたもの",R1.5.30送致
"(一社)関西自立支援センター ワークスペースAB",大阪府高槻市,R1.6.19,最低賃金法第4条,"労働者2名に対し、大阪府最低賃金額以上の賃金を支払わなかったもの",R1.6.19送検
"(一社)関西自立支援センター ワークスペース高槻",大阪府高槻市,R1.6.19,最低賃金法第4条,"労働者1名に対し、大阪府最低賃金額以上の賃金を支払わなかったもの",R1.6.19送検
"(株)かつ美",大阪府岸和田市,R1.6.25,最低賃金法第4条,"労働者2名に対し、2か月間の定期賃金を支払わなかったもの",R1.6.25送検
"中畑木材(株)",大阪府堺市美原区,R1.6.26,"労働安全衛生法第61条労働安全衛生法施行令第20条第16号クレーン等安全規則第221条","無資格者に移動式クレーン業務の玉掛け業務をさせたもの",R1.6.26送検
"企業・事業場名称",所在地,公表日,違反法条,事案概要,その他参考事項
"(株)シノダ","大阪府大阪市平野区",R1.6.27,"労働安全衛生法第21条労働安全衛生規則第524条","高さ約10mのスレート屋根の上で作業を行わせるに際し、踏み抜きによる危険を防止する措置を講じなかったもの",R1.6.27送検
"(有)三神製作所",大阪府堺市美原区,R1.6.27,"労働安全衛生法第14条労働安全衛生法施行令第6条労働安全衛生規則第134条","プレス機械の切替キースイッチを作業主任者に保管させていなかったもの",R1.6.27送検
"伸晃建設工業(株)","大阪府大阪市此花区",R1.6.28,"労働安全衛生法第21条労働安全衛生規則第524条","高さ約8mのスレート屋根の上で作業を行わせるに際し、踏み抜きによる危険を防止する措置を講じなかったもの",R1.6.28送検
"荒木産業(株)",大阪府大東市,R1.7.2,"労働安全衛生法第20条労働安全衛生規則第101条","コンベヤーの回転部分に接触することにより被災者に危険を及ぼす恐れがあったにもかかわらず、囲い等を設けていなかったもの",R1.7.2送検
"(株)中川忠工務店",大阪府枚方市,R1.7.11,"労働安全衛生法第21条労働安全衛生規則第518条","作業床の設置が困難な高さ約2m以上の箇所において、安全帯を使用させることなく労働者に作業を行わせたもの",R1.7.11送検
"(有)味万",大阪府枚方市,R1.7.23,労働基準法第32条,"労働者1名に、有効な36協定の締結・届出なく違法な時間外労働を行わせたもの",R1.7.23送検
"(株)村山組","大阪府大阪府西成区",R1.7.30,"労働安全衛生法第21条労働安全衛生規則第519条","建物の3階部分の開口部で、安全帯を使用させることなく労働者に作業を行わせたもの",R1.7.30送検
"(株)TKB","京都府京都市伏見区",R1.8.8,"労働安全衛生法第21条労働安全衛生規則第158条","解体用つかみ機を用いて家屋の解体作業を行う際に、労働者を解体用つかみ機と接触する危険のある範囲内に立ち入らせたもの",R1.8.8送検
"ドゥベスト(株)大阪支店",大阪府枚方市,R1.8.19,労働基準法第32条,"労働者1名に、36協定の延長時間を超える違法な時間外労働を行わせたもの",R1.8.19送検
"企業・事業場名称",所在地,公表日,違反法条,事案概要,その他参考事項
"(株)サイキ",大阪府大阪市西区,H30.9.14,"労働安全衛生法第31条労働安全衛生規則第653条労働者派遣法第45条","請負人の労働者に使用させる高さ約16mの作業床に安全に昇降するための設備を設けていなかったもの",H30.9.14送検
"(株)クライス",大阪府池田市,H30.9.14,"労働安全衛生法第21条労働安全衛生規則第526条労働者派遣法第45条","高さ約16mの箇所で労働者に作業をさせるに当たり、安全に昇降するための設備を設けていなかったもの",H30.9.14送検
"(株)森本塗装工業",兵庫県神戸市西区,H30.9.18,"労働安全衛生法第21条労働安全衛生規則第519条","高さ約5mの屋根で労働者に作業させるに当たり、墜落防止措置を講じていなかったもの",H30.9.18送検
"(有)豊島自動車","兵庫県神戸市兵庫区",H30.9.25,"労働安全衛生法第20条クレーン等安全規則第69条","移動式クレーンにその定格荷重をこえる荷重をかけて使用していたもの",H30.9.25送検
"洲本製紙(有)",兵庫県洲本市,H30.10.10,"労働安全衛生法第100条労働安全衛生規則第97条","4日以上の休業を要する労働災害が発生したのに、遅滞なく労働者死傷病報告を提出しなかったもの",H30.10.10送検
"カネテツデリカフーズ(株)","兵庫県神戸市東灘区",H30.10.25,"労働安全衛生法第21条労働安全衛生規則第519条","高さ2m以上の箇所で、労働者に作業を行わせるに当たり、墜落防止措置を講じなかったもの",H30.10.25送検
"津名陸運(株)",兵庫県淡路市,H30.11.5,"労働安全衛生法第100条労働安全衛生規則第97条","4日以上の休業を要する労働災害が発生したのに、遅滞なく労働者死傷病報告を提出しなかったもの",H30.11.5送検
"山﨑建設(株)",東京都中央区,H30.11.27,"労働安全衛生法第21条労働安全衛生規則第533条","作業中に転落するおそれのある開口部に高さ7cm以上の丈夫なさく等を設けていなかったもの",H30.11.27送検
"企業・事業場名称",所在地,公表日,違反法条,事案概要,その他参考事項
"五藤建設(株)",兵庫県西宮市,H31.2.25,"労働安全衛生法第20条労働安全衛生規則第279条","火災の生じるおそれがある場所において、労働者に点火源となるおそれのある電動のこぎりを使用させたもの",H31.2.25送検
"神戸市環境局事業部管理課東クリーンセンター計量事務所","兵庫県神戸市東灘区",H31.3.20,"労働安全衛生法第21条労働安全衛生規則第519条","高さ2m以上の箇所で、労働者に作業を行わせるに当たり、墜落防止措置を講じなかったもの",H31.3.20送検
"(株)宮田製作所",兵庫県尼崎市,H31.3.25,"労働安全衛生法第22条粉じん障害防止規則第27条","アーク溶接作業を行わせるにあたり、労働者に有効な呼吸用保護具を使用させていなかったもの",H31.3.25送検
"(株)神和商事",兵庫県三木市,R1.6.13,"労働安全衛生法第20条労働安全衛生規則第158条","車両系建設機械に接触する危険のある箇所に、誘導者を配置することなく、労働者を立ち入らせたもの",R1.6.13送検
"(株)栃尾商店",兵庫県豊岡市,R1.8.13,"労働安全衛生法第20条労働安全衛生規則第101条","接触することによって労働者に危険を及ぼすおそれのあるコンベヤーの回転軸に覆い等を設けていなかったもの",R1.8.13送検
"企業・事業場名称",所在地,公表日,違反法条,事案概要,その他参考事項
"藤田鉄工(株)",奈良県橿原市,H30.12.11,"労働安全衛生法第20条労働安全衛生規則第111条","労働者にボール盤により作業を行わせるにあたり、手袋を使用禁止していなかったもの",H30.12.11送検
"弥杜工業",奈良県奈良市,H31.4.3,"労働安全衛生法第100条労働安全衛生規則第97条","約6か月間の休業を要する労働災害が発生したのに遅滞なく労働者死傷病報告を提出せず、虚偽報告を行ったもの",H31.4.3送検
"企業・事業場名称",所在地,公表日,違反法条,事案概要,その他参考事項
"(株)湊組",和歌山県和歌山市,H30.9.21,"労働安全衛生法第21条労働安全衛生規則第151条の70","100kg以上の荷を貨物自動車から卸す際に、作業指揮者に手順及び手順ごとの方法を決定させていなかったもの",H30.9.21送検
"河西運輸(株)",和歌山県和歌山市,H30.10.19,労働基準法第32条,"労働者2名に、36協定の延長時間を超えて違法な時間外労働を行わせたもの",H30.10.19送検
"(有)グループホーム開門荘",和歌山県新宮市,H30.11.5,最低賃金法第4条,"労働者3名に、1か月間の定期賃金合計約46万円を支払わなかったもの",H30.11.5送検
"企業・事業場名称",所在地,公表日,違反法条,事案概要,その他参考事項
"八幡生コン(株)","鳥取県東伯郡湯梨浜町",H31.2.1,"労働安全衛生法第20条労働安全衛生規則第107条","労働者にベルトコンベヤーの調整等を行わせるに当たり、機械の運転を停止しなかったもの",H31.2.1送検
"(株)木田商店","鳥取県東伯郡北栄町",H31.3.6,"労働安全衛生法第21条労働安全衛生規則第519条","高さ約5mの納屋2階屋根の端に手すり等を設けることなく労働者に作業を行わせたもの",H31.3.6送検
"企業・事業場名称",所在地,公表日,違反法条,事案概要,その他参考事項
"(有)吉川工務店","島根県仁多郡奥出雲町",H30.11.13,"労働安全衛生法第20条労働安全衛生規則第157条","車両系建設機械を用いて作業を行わせる際に、転倒又は転落を防止するための措置を講じなかったもの",H30.11.13送検
"(株)オーテック",島根県松江市,H30.11.28,"労働安全衛生法第100条労働安全衛生規則第97条","休業4日以上の労働災害が発生したにもかかわらず、遅滞なく労働者死傷病報告を提出しなかったもの",H30.11.28送検
"(株)大勢シェル",島根県松江市,H31.2.1,"労働安全衛生法第20条労働安全衛生規則第28条","造形機に設けられた安全装置を有効に作動させないまま、労働者に作業を行わせたもの",H31.2.1送検
"(有)協栄建設","島根県鹿足郡吉賀町",R1.8.2,"労働安全衛生法第100条労働安全衛生規則第97条","休業4日以上の労働災害が発生したにもかかわらず、遅滞なく労働者死傷病報告を提出しなかったもの",R1.8.2送検
"企業・事業場名称",所在地,公表日,違反法条,事案概要,その他参考事項
"銘建工業(株)",岡山県真庭市,H30.11.9,"労働安全衛生法第20条労働安全衛生規則第107条","プレス機械の運転を停止することなく、労働者に清掃作業を行わせたもの",H30.11.9送検
"(株)フィル",岡山県倉敷市,H30.12.7,最低賃金法第4条,"障害者を含む労働者93名に、1ヶ月間の定期賃金合計約750万円を支払わなかったもの","H30.12.7送検H31.2.7不起訴"
"(有)吉備","大阪府大阪市中央区",R1.6.7,"労働安全衛生法第20条クレーン等安全規則第72条","クレーンにより吊り上げた足場板に労働者を搭乗させ作業を行わせたもの",R1.6.7送検
"(株)LUANA",岡山県岡山市北区,R1.7.17,最低賃金法第4条,"労働者6名に、2~3か月間の定期賃金合計約180万円を支払わなかったもの",R1.7.17送検
"(株)TDY",岡山県岡山市北区,R1.7.17,最低賃金法第4条,"労働者5名に、3か月間の定期賃金合計約211万円を支払わなかったもの",R1.7.17送検
"企業・事業場名称",所在地,公表日,違反法条,事案概要,その他参考事項
"ランデス(株)",岡山県真庭市,H30.9.13,"労働安全衛生法第61条労働安全衛生法施行令第20条クレーン等安全規則第221条","つり上げ荷重1トン以上のクレーンの玉掛け業務に無資格者を就かせたもの",H30.9.13送検
"宇野木工(株)",広島県福山市,H30.10.11,"労働安全衛生法第20条労働安全衛生規則第123条","木材加工用丸のこ盤に歯の接触予防措置を設けることなく、木材加工作業を行わせたもの",H30.10.11送検
"(有)岡野商店","広島県山県郡北広島町",H30.10.12,"労働基準法第32条労働基準法第35条","運転者3名に対して、有効な36協定の締結・届出なく違法な時間外・休日労働を行わせたもの",H30.10.12送検
"(有)共生工業",広島県呉市,H30.10.26,"労働安全衛生法第100条労働安全衛生規則第97条労働者派遣法第45条","4日以上の休業を要する労働災害が発生したのに、遅滞なく労働者死傷病報告を提出しなかったもの",H30.10.26送検
"中川昭和",広島県尾道市,H30.10.26,"労働安全衛生法第100条労働安全衛生規則第97条","4日以上の休業を要する労働災害が発生したのに、遅滞なく労働者死傷病報告を提出しなかったもの",H30.10.26送検
"(株)柑橘屋",広島県三原市,H30.11.1,労働基準法第24条,"労働者7名の8か月間の定期賃金合計約300万円を支払わなかったもの",H30.11.1送検
"鳴滝工業(有)",広島県尾道市,H30.11.2,"労働安全衛生法第20条クレーン等安全規則第29条","天井クレーンで、ハッカーを用いて玉掛けし、吊り上げた鋼板の下に労働者を立ち入らせたもの",H30.11.2送検
"(株)神戸揚重","兵庫県神戸市中央区",H30.11.12,"労働安全衛生法第100条労働安全衛生規則第97条","4日以上の休業を要する労働災害が発生したのに、遅滞なく労働者死傷病報告を提出しなかったもの",H30.11.12送検
"企業・事業場名称",所在地,公表日,違反法条,事案概要,その他参考事項
"シモハナ物流(株)",広島県安芸郡坂町,H31.2.12,労働基準法第32条,"労働者7名に、36協定の延長時間を超えて違法な時間外労働を行わせたもの",H31.2.12送検
"(株)大和",岡山県総社市,H31.3.4,"労働安全衛生法第20条労働安全衛生規則第519条","深さ約5.9mの機材搬入口(開口部)に、手すりを設ける等の墜落防止措置を講じなかったもの",H31.3.4送検
"安建工業(株)",広島県福山市,H31.4.10,"労働安全衛生法第20条クレーン等安全規則第66条の2","作業方法等を決定しないまま、移動式クレーンを用いて作業を行わせたもの",H31.4.10送検
"原田鋼業(株)",広島県福山市,R1.5.13,"労働安全衛生法第20条労働安全衛生規則第104条","機械運転の合図を定めず、合図者を指名しないまま 鋼板をコイル状に巻き取る機械の運転を開始させたもの",R1.5.13送検
"ジャパンマリンユナイテッド(株)","神奈川県横浜市西区",R1.7.18,"労働安全衛生法第21条労働安全衛生規則第518条","高さ約2.7mの高所で作業を行わせる際に、作業床を設ける等の墜落防止措置を講じなかったもの",R1.7.18送検
"株式会社クボタ","大阪府大阪市浪速区",R1.7.22,"労働安全衛生法第31条労働安全衛生規則第653条","深さ約5.9mの機材搬入口(開口部)に、手すりを設ける等の墜落防止措置を講じなかったもの",R1.7.22送検
"(株)クリケン",広島県広島市西区,R1.8.13,"労働安全衛生法第21条労働安全衛生規則第518条","高さ約4.5メートルの高所で作業を行わせる際に、作業床を設ける等の墜落防止措置を講じなかったもの",R1.8.13送検
"企業・事業場名称",所在地,公表日,違反法条,事案概要,その他参考事項
"(株)山下技研",山口県下関市,H30.11.8,労働基準法第24条,"労働者12名に、7か月間の定期賃金合計約1,370万円を支払わなかったもの",H30.11.8送検
"(有)河上建設",山口県岩国市,H31.1.21,"労働安全衛生法第20条労働安全衛生規則第157条","路肩から車両系建設機械の転落を防止するため、誘導者を配置しなかったもの",H31.1.21送検
"(有)金城工業",山口県周南市,H31.3.25,"労働安全衛生法第20条労働安全衛生規則第158条","運転中の車両系建設機械(解体用つかみ機)に接触するおそれのある箇所に労働者を立ち入らせたもの",H31.3.25送検
"広容(株)",広島県広島市,H31.3.26,"労働安全衛生法第20条労働安全衛生規則第104条","スクリューコンベヤーの運転について、一定の合図を定めず、また、合図をする者を指名せず開始させたもの",H31.3.26送検
"(株)リアルエステート国広",山口県下松市,R1.5.17,最低賃金法第4条,"労働者3名に、2か月間の定期賃金合計約90万円を支払わなかったもの",R1.5.17送検
"企業・事業場名称",所在地,公表日,違反法条,事案概要,その他参考事項
"(有)江淵鏡台店",徳島県徳島市,H30.10.25,最低賃金法第4条,"労働者5名に、最長15か月間の定期賃金合計約159万円を支払わなかったもの",H30.10.25送検
"(株)サンパイ",徳島県徳島市,R1.5.20,"労働安全衛生法第100条労働安全衛生規則第97条","4日以上の休業を要する労働災害について、虚偽の内容を記載した労働者死傷病報告を提出したもの",R1.5.20送検
"山雅工業","香川県綾歌郡宇多津町",R1.6.11,"労働安全衛生法第100条労働安全衛生規則第97条","4日以上の休業を要する労働災害が発生したのに、遅滞なく労働者死傷病報告を提出しなかったもの",R1.6.11送検
"企業・事業場名称",所在地,公表日,違反法条,事案概要,その他参考事項
"丸急物流(株)",香川県丸亀市,H31.4.19,"労働安全衛生法第20条労働安全衛生規則第151条の74","最大積載量13.7トンの貨物自動車に荷を積む作業を行う際に、労働者に保護帽を着用させていなかったもの",H31.4.19送検
"(株)Wave Energy四国事業所 詫間工場",香川県三豊市,R1.6.21,労働基準法第32条,"労働者4名に、36協定の延長時間を超える違法な時間外労働を行わせたもの",R1.6.21送検
"企業・事業場名称",所在地,公表日,違反法条,事案概要,その他参考事項
"(株)本田建設工業",愛媛県松山市,H30.10.16,"労働安全衛生法第21条労働安全衛生規則第361条","労働者に掘削作業を行わせる際に、土留め支保工を設ける等、地山の崩壊を防止するための措置を講じなかったもの",H30.10.16送検
"(株)コクシン",愛媛県松山市,H30.11.9,"労働安全衛生法第20条労働安全衛生規則第164条","車両系建設機械(解体用つかみ機)を、主たる用途以外の用途(荷のつり上げ)に使用したもの",H30.11.9送検
"(有)来嶋建設",愛媛県松山市,H30.12.7,"労働安全衛生法第20条労働安全衛生規則第155条","車両系建設機械(ドラグ・ショベル)を用いて掘削作業を行うときに、作業場所に適応する作業計画を定めなかったもの",H30.12.7送検
"三島建設(有)",愛媛県西予市,H31.1.25,"労働安全衛生法第100条労働安全衛生規則第97条","休業4日以上の労働災害が発生したのに、遅滞なく労働者死傷病報告を提出しなかったもの",H31.1.25送検
"マルウ接着(株)",愛媛県四国中央市,H31.3.12,"労働安全衛生法第100条労働安全衛生規則第97条","休業4日以上の労働災害が発生したのに、遅滞なく労働者死傷病報告を提出しなかったもの",H31.3.12送検
"浜栄港運(株)",愛媛県新居浜市,H31.3.26,"労働安全衛生法第14条労働安全衛生規則第451条","船舶内での荷卸し作業において、船内荷役作業主任者に作業の方法を決定させ、作業を直接指揮させなかったもの",H31.3.26送検
"企業・事業場名称",所在地,公表日,違反法条,事案概要,その他参考事項
"森岡興産",高知県高知市,H30.9.26,"労働安全衛生法第20条労働安全衛生規則第157条","ドラグ・ショベルを用いて作業を行わせる際に、転倒又は転落を防止するための措置を講じていなかったもの",H30.9.26送検
"丸点通運(株)",高知県高知市,R1.6.19,労働基準法第32条,"労働者4名に、36協定の延長時間を超えて違法な時間外労働を行わせていたもの",R1.6.19送検
"(株)ジンセイ",高知県高知市,R1.7.2,"労働安全衛生法第61条労働安全衛生施行令第20条クレーン等安全規則第68条","技能講習を修了させることなく、1t以上5t未満の移動式クレーンを用いて作業を行わせたもの",R1.7.2送検
"(有)寿建設工業",愛媛県新居浜市,R1.7.16,"労働安全衛生法第21条労働安全衛生規則第519条","高さ約21mの作業床で、手すり等を設けることなく労働者に搬出作業を行わせたもの",R1.7.16送検
"企業・事業場名称",所在地,公表日,違反法条,事案概要,その他参考事項
"ポピー製紙(株)",福岡県八女市,H30.9.5,"労働安全衛生法第100条労働安全衛生規則第97条","4日以上の休業を要する労働災害が発生したのに、遅滞なく労働者死傷病報告書を提出していなかったもの",H30.9.5送検
"(株)クリーンアップサービス",北九州市八幡東区,H31.2.20,"労働安全衛生法第21条労働安全衛生規則第519条","高さ約17mの作業床の端で、囲い、手すりの設置等の墜落防止措置を講じることなく労働者に作業を行わせたもの",H31.2.20送検
BZアドバンス(株),福岡市博多区,H31.2.26,最低賃金法第4条,"労働者2名に、3~7か月間の定期賃金合計約335万円を支払わなかったもの",H31.2.26送検
"(一社)ウェルビング","福岡県北九州市小倉南区",H31.3.19,最低賃金法第4条,"労働者3名に、2か月間の定期賃金合計約87万円を支払わなかったもの",H31.3.11送検
"(株)カシワバラ・コーポレーション",山口県岩国市,H31.3.19,"労働安全衛生法第20条労働安全衛生規則第567条","旋回式つり足場について、作業開始前に点検を行わなかったもの",H31.3.19送検
fillediend,福岡市博多区,H31.4.12,最低賃金法第4条,"労働者3名に対し、2か月間の定期賃金合計約39万円を支払わなかったもの",H31.4.12送検
"総合コーポレーション(有)",福岡県福岡市南区,R1.5.10,"労働安全衛生法第61条労働安全衛生法施行令第20条","無資格の労働者につり上げ荷重1t以上の移動式クレーンを運転させたもの",R1.5.10送検
"北部解体(株)","福岡県北九州市八幡西区",R1.5.17,"労働安全衛生法第100条労働安全衛生規則第97条","休業4日以上の労働災害について、遅滞なく労働者死傷病報告を提出しなかったもの",R1.5.17送検
"企業・事業場名称",所在地,公表日,違反法条,事案概要,その他参考事項
"(株)大山組","福岡県北九州市小倉北区",R1.6.19,"労働安全衛生法第14条労働安全衛生法施行令第6条労働安全衛生規則第517条の18","コンクリート造の工作物の解体の作業において、コンクリート造の工作物の解体等作業主任者に作業の直接指揮等の職務を行わせていなかったもの",R1.6.19送検
"(株)志水ミート","福岡県粕屋郡宇美町",R1.7.1,"労働安全衛生法第20条労働安全衛生規則第130条の5","食品加工用機械であるミンチ機の開口部にふた、囲い等を設けずに使用させたもの",R1.7.1送検
"(株)トラスト・ジャパン",福岡県福岡市東区,R1.7.4,最低賃金法第4条,"労働者21名に対し、1か月間の定期賃金合計約229万円を支払わなかったもの",R1.7.4送検
"企業・事業場名称",所在地,公表日,違反法条,事案概要,その他参考事項
"(株)ストリーム",佐賀県唐津市,H30.9.25,"労働基準法第32条労働基準法第37条","技能実習生6名に、36協定の延長時間を超える違法な時間外労働を行わせ、また、最長17か月間の割増賃金の一部を支払わなかったもの",H30.9.25送検
"中島防水",長崎県佐世保市,H30.12.4,"労働安全衛生法第20条労働安全衛生規則第279条","引火性の危険物を含む接着剤を使用中に火気を使用させたもの",H30.12.4送検
"脇山建設",佐賀県唐津市,H31.2.4,"労働安全衛生法第20条労働安全衛生規則第158条","ドラグ・ショベルに接触するおそれのある箇所に労働者を立ち入らせたもの",H31.2.4送検
"企業・事業場名称",所在地,公表日,違反法条,事案概要,その他参考事項
"(有)徳新商事",長崎県佐世保市,H30.9.25,"労働安全衛生法第20条労働安全衛生規則第158条","運転中の車両系建設機械(解体用つかみ機)に接触するおそれのある箇所に労働者を立ち入らせたもの",H30.9.25送検
"エイ・エヌ・シー(有)",長崎県長崎市,H30.11.2,"労働安全衛生法第21条労働安全衛生規則第519条","高さ2m以上の作業床の端で手すり等を設けることなく労働者に作業を行わせたもの",H30.11.2送検
"マツモト鉄建(株)",長崎県長崎市,H31.3.18,"労働安全衛生法第88条労働安全衛生規則第86条","足場の設置に係る計画届を、設置開始の30日以上前までに届け出ていなかったもの",H31.3.18送検
"企業・事業場名称",所在地,公表日,違反法条,事案概要,その他参考事項
"(有)藤原建築","熊本県球磨郡あさぎり町",H30.9.26,"労働安全衛生法第21条労働安全衛生規則第518条","高さ3.5mの屋根上で、防網、安全帯等の墜落防止措置を講じることなく、労働者に作業を行わせたもの",H30.9.26送検
"(株)あんしんCo.,Ltd.",熊本県熊本市北区,H31.2.7,労働基準法第32条,"労働者1名に、36協定で定めた延長時間を超えて、違法な時間外労働を行わせたもの",H31.2.7送検
"(株)三大",熊本県八代市,H31.3.22,"労働安全衛生法第20条労働安全衛生規則第107条","ゴミ収集車の後部扉の運転を停止させることなく、労働者に後部扉のゴミの除去作業を行わせたもの",H31.3.22送検
"大輝",熊本県宇城市,R1.6.20,"労働安全衛生法第100条労働安全衛生規則第97条","4日以上の休業を要する労働災害が発生したのに、遅滞なく労働者死傷病報告書を提出しなかったもの",R1.6.20送検
"(株)高梢","熊本県阿蘇郡高森町",R1.7.2,"労働安全衛生法第20条労働安全衛生規則第157条","トラクター・ショベルが路肩から転落する危険があったのに、転落等の防止措置を講じていなかったもの",R1.7.2送検
"西日本土木(株) 山鹿砕石所",熊本県山鹿市,R1.7.4,"労働安全衛生法第21条労働安全衛生規則第518条","高さ3.2mの砕石設備上で、作業床を設ける等墜落防止措置を講じることなく、労働者に作業を行わせたもの",R1.7.4送検
"未来エキスプレス(株)","熊本県菊池郡大津町",R1.7.8,労働基準法第32条,"労働者1名に、36協定で定めた延長時間を超えて、違法な時間外労働を行わせたもの",R1.7.8送検
"企業・事業場名称",所在地,公表日,違反法条,事案概要,その他参考事項
"(有)草場工業所",大分県臼杵市,H30.11.29,"労働安全衛生法第100条労働安全衛生規則第97条","休業4日以上の労働災害が発生した際に遅滞なく、労働者死傷病報告を提出しなかったもの",H30.11.29送検
"(有)シュウズ・クラブ",大分県大分市,H31.1.16,労働基準法第101条,"労働基準監督官に虚偽の陳述を行い、虚偽の記載をした帳簿書類の提出を行ったもの",H31.1.16送検
"ピーエム工業(株)",大分県大分市,H31.2.12,"労働安全衛生法第21条労働安全衛生規則第519条","高さ2m以上の橋台の端に手すり等を設けることなく労働者に荷の受渡し作業を行わせたもの",H31.2.12送検
"企業・事業場名称",所在地,公表日,違反法条,事案概要,その他参考事項
"(株)宮本組",宮崎県西都市,H30.9.11,"労働安全衛生法第20条労働安全衛生規則第151条の6","路肩で車両系荷役運搬機械(ダンプ・トラック)を用いて作業を行う際に、誘導者を配置しなかったもの",H30.9.11送検
"(株)篠村林業","宮崎県西臼杵郡五ヶ瀬町",H31.2.5,"労働安全衛生法第20条労働安全衛生規則第151条の96","車両系木材伐出機械で集材作業を行う際、原木等を集材している場所の下方に労働者を立ち入らせたもの",H31.2.5送検
"(株)大迫鉄工所",宮崎県都城市,H31.2.13,"労働安全衛生法第61条労働安全衛生法施行令第20条","無資格の労働者にクレーンの玉掛け作業を行わせたもの",H31.2.13送検
"(株)環境未来恒産",宮崎県宮崎市,H31.3.26,"労働安全衛生法第21条労働安全衛生規則第519条","高さ約3.5mの作業床の端で、手すり等を設けることなく労働者に作業を行わせたもの",H31.3.26送検
"霧島酒造(株)",宮崎県都城市,R1.6.4,"労働安全衛生法第20条労働安全衛生規則第107条","コンベヤーの掃除作業を行う際、当該機械の運転を停止する等の必要な措置を講じなかったもの",R1.6.4送検
"都城木材(株)",宮崎県都城市,R1.6.13,"労働安全衛生法第20条労働安全衛生規則第101条","木材製品を運搬する機械の歯車に、覆い等を設ける措置を講じることなく労働者に作業を行わせたもの",R1.6.13送検
"川口家屋解体",宮崎県日向市,R1.8.5,"労働安全衛生法第22条石綿障害予防規則第3条","木造建築物を解体する際に、あらかじめ石綿等の使用の有無を調査し、その結果を記録していなかったもの",R1.8.5送検
"企業・事業場名称",所在地,公表日,違反法条,事案概要,その他参考事項
"奄美大島酒造(株)",鹿児島県奄美市,H30.9.4,"労働安全衛生法第100条労働安全衛生規則第97条","20日間の休業を要する労働災害が発生したのに、遅滞なく、労働者死傷病報告を提出しなかったもの",H30.9.4送検
"(株)中村建設","鹿児島県大島郡宇検村",H30.9.20,"労働安全衛生法第59条労働安全衛生規則第36条","労働者に、高さ2m以上の、ロープにより身体を保持して行う作業に係る特別教育を行わなかったもの",H30.9.20送検
"(有)脇園塗工","鹿児島県薩摩川内市",H31.1.7,"労働安全衛生法第21条労働安全衛生規則第519条","高さ6mの屋根上で、墜落防止措置を講じることなく、労働者に塗装の準備作業を行わせたもの",H31.1.7送検
"(有)岩川興業","鹿児島県熊毛郡屋久島町",H31.2.19,"労働安全衛生法第20条労働安全衛生規則第157条","斜角35度の斜面上で、誘導員等を配置しないまま、バックホーの運転をさせていたもの",H31.2.19送検
"(株)永田林業",鹿児島県出水市,H31.2.25,"労働安全衛生法第100条労働安全衛生規則第97条","休業14日の労働災害が発生したのに、労働者死傷病報告を提出しなかったもの",H31.2.25送検
